Workbook

Sheet Summary
A1: AgroSync Security & Code Audit
A2: Audit date: 2026-10-05 · Scope: Laravel backend (routes, controller, middleware, config, migrations, seeders) and Next.js frontend auth/API layer · Method: static code review (no live exploitation)
A3: Verdict: NOT SAFE TO DEPLOY — the API has no authentication; payment verification can be bypassed.
A5: Severity | B5: Total | C5: Open | D5: In Progress | E5: Fixed | F5: Won't Fix | G5: % Fixed
A6: Critical | B6: =COUNTIF(Findings!$B$2:$B$200,A6) | C6: =COUNTIFS(Findings!$B$2:$B$200,$A6,Findings!$I$2:$I$200,"Open") | D6: =COUNTIFS(Findings!$B$2:$B$200,$A6,Findings!$I$2:$I$200,"In Progress") | E6: =COUNTIFS(Findings!$B$2:$B$200,$A6,Findings!$I$2:$I$200,"Fixed") | F6: =COUNTIFS(Findings!$B$2:$B$200,$A6,Findings!$I$2:$I$200,"Won't Fix") | G6: =IF(B6=0,0,E6/B6)
A7: High | B7: =COUNTIF(Findings!$B$2:$B$200,A7) | C7: =COUNTIFS(Findings!$B$2:$B$200,$A7,Findings!$I$2:$I$200,"Open") | D7: =COUNTIFS(Findings!$B$2:$B$200,$A7,Findings!$I$2:$I$200,"In Progress") | E7: =COUNTIFS(Findings!$B$2:$B$200,$A7,Findings!$I$2:$I$200,"Fixed") | F7: =COUNTIFS(Findings!$B$2:$B$200,$A7,Findings!$I$2:$I$200,"Won't Fix") | G7: =IF(B7=0,0,E7/B7)
A8: Medium | B8: =COUNTIF(Findings!$B$2:$B$200,A8) | C8: =COUNTIFS(Findings!$B$2:$B$200,$A8,Findings!$I$2:$I$200,"Open") | D8: =COUNTIFS(Findings!$B$2:$B$200,$A8,Findings!$I$2:$I$200,"In Progress") | E8: =COUNTIFS(Findings!$B$2:$B$200,$A8,Findings!$I$2:$I$200,"Fixed") | F8: =COUNTIFS(Findings!$B$2:$B$200,$A8,Findings!$I$2:$I$200,"Won't Fix") | G8: =IF(B8=0,0,E8/B8)
A9: Low | B9: =COUNTIF(Findings!$B$2:$B$200,A9) | C9: =COUNTIFS(Findings!$B$2:$B$200,$A9,Findings!$I$2:$I$200,"Open") | D9: =COUNTIFS(Findings!$B$2:$B$200,$A9,Findings!$I$2:$I$200,"In Progress") | E9: =COUNTIFS(Findings!$B$2:$B$200,$A9,Findings!$I$2:$I$200,"Fixed") | F9: =COUNTIFS(Findings!$B$2:$B$200,$A9,Findings!$I$2:$I$200,"Won't Fix") | G9: =IF(B9=0,0,E9/B9)
A10: Total | B10: =SUM(B6:B9) | C10: =SUM(C6:C9) | D10: =SUM(D6:D9) | E10: =SUM(E6:E9) | F10: =SUM(F6:F9) | G10: =IF(B10=0,0,E10/B10)
A12: How to use
A13: Edit only the yellow columns on the Findings tab: Status (dropdown), Owner, Notes.
A14: Counts on this tab update automatically from the Findings tab.
A15: Fix order: 1) Sanctum auth 2) authorization/ownership 3) server-side payment verification 4) block admin self-registration
A16: 5) rate limits on login/OTP 6) input validation & field allow-lists 7) move env() to config, rotate secrets 8) remove mock fallback.

Sheet Findings
A1: ID | B1: Severity | C1: Category | D1: Title | E1: Location | F1: Description | G1: Impact | H1: Recommendation | I1: Status | J1: Owner | K1: Notes
A2: C1 | B2: Critical | C2: Authentication | D2: No authentication on any API route | E2: backend/routes/api.php; backend/app/Http/Controllers/Api/AgroSyncController.php:798; ams-frontend/services/index.ts:64-70 | F2: Only ApiCors middleware is applied. The login token is random, never stored and never checked. The frontend sends no Authorization header; the session is just a user ID in localStorage. | G2: Anyone can call admin, payment, settlement and account-deletion endpoints directly with curl. | H2: Add Laravel Sanctum; issue tokens at login/OTP verify; put auth:sanctum on all non-public routes; send a Bearer token from the frontend. | I2: Fixed | K2: Bearer-token auth (api_tokens table, AuthenticateApiToken middleware); frontend sends Authorization header.
A3: C2 | B3: Critical | C3: Authorization (IDOR) | D3: No ownership checks on any record | E3: Whole controller (e.g. backend/app/Http/Controllers/Api/AgroSyncController.php:1106-1121, 3180) | F3: Handlers trust farmerId/companyId/userId/officerId from the URL or body: DELETE /users/{id}, PATCH /users/{id}, settings, notifications, cart, products, listings, advisory responses. | G3: Any user can read, modify or delete any other user's data, or respond to cases as any officer. | H3: Add policies / role middleware; derive the acting user from auth()->user(), never from request IDs. | I3: Fixed | K3: Ownership checks on every user-scoped endpoint; RequireRole middleware on role routes.
A4: C3 | B4: Critical | C4: Account takeover | D4: Admin takeover via unverified email change + OTP login | E4: backend/app/Http/Controllers/Api/AgroSyncController.php:547, 803-872 | F4: PATCH /users/usr_adm_001 changes the email with no verification; send-otp then mails the login code to the new address. | G4: Full takeover of any account, including Super Admin. | H4: Require auth + ownership for profile edits; verify new email via OTP sent to the old and new address; check uniqueness. | I4: Fixed | K4: Profile edits are self/admin only; email change needs current password and a uniqueness check.
A5: C4 | B5: Critical | C5: Payments | D5: Payments can be faked | E5: backend/app/Http/Controllers/Api/AgroSyncController.php:1360-1362, 1914, 2462, 2709, 2863 | F5: Stripe success marks paid when session_id is empty; SSLCommerz success marks paid when status is empty/VALID without validation API; non-cod/stripe gateway marks order paid immediately; deal status update accepts paymentStatus from client. | G5: Orders/deals marked paid without payment; admin then releases vendor settlement for unpaid orders. | H5: Remove the empty-session bypass; verify via SSLCommerz validation API and Stripe webhook with signature check; never accept paymentStatus from clients. | I5: Fixed | K5: Stripe/SSLCommerz verified server-side against the stored session/tran id; orders always start unpaid; client paymentStatus ignored.
A6: C5 | B6: Critical | C6: Privilege escalation | D6: Self-registration as admin; unknown roles skip OTP | E6: backend/app/Http/Controllers/Api/AgroSyncController.php:880-892 | F6: register-role accepts role=admin from the client, needing only an OTP to the attacker's own inbox. Roles outside the list skip the OTP check. tenantId and id are client-controlled. | G6: Anyone can become a platform admin. | H6: Allow-list self-registerable roles (farmer, vendor, company); reject everything else; generate IDs and tenant server-side. | I6: Fixed | K6: Only farmer/officer/vendor/company can self-register; officers start inactive until an admin activates them.
A7: C6 | B7: Critical | C7: Mass assignment | D7: Every request key written as a DB column | E7: backend/app/Http/Controllers/Api/AgroSyncController.php:1258, 3265 | F7: updateProduct and updateTenant convert all request keys to columns. | G7: Attackers can change vendor_id, id, tenant_id, rating, mrr, status etc. | H7: Use explicit allow-lists of editable fields plus validation. | I7: Fixed | K7: Explicit field allow-lists for products and tenants.
A8: C7 | B8: Critical | C8: Data exposure | D8: Bulk PII leak from /users and /farmers | E8: backend/app/Http/Controllers/Api/AgroSyncController.php:418-428, 988-1000 | F8: Unauthenticated, unpaginated endpoints return every user's email, phone, nidHash and bKash account. | G8: Mass personal-data disclosure. | H8: Restrict to admins, paginate, and return only required fields. | I8: Fixed | K8: /users is admin-only; /farmers hides nidHash, bKash and email from non-admins.
A9: H1 | B9: High | C9: Authentication | D9: OTP brute force, email bombing, user enumeration | E9: backend/app/Http/Controllers/Api/AgroSyncController.php:278-303, 803-847 | F9: No attempt limit on verify-otp; otpToken optional (email alone works); 6-digit code valid 10 min. send-otp unthrottled and reveals whether an email exists. | G9: Login as any user by brute-forcing OTP; inbox flooding; account enumeration. | H9: Throttle routes; per-OTP attempt counter with lockout; require otpToken; generic responses. | I9: Fixed | K9: otpToken required and bound to the email; OTP dies after 5 wrong codes; send-otp no longer reveals accounts; throttled.
A10: H2 | B10: High | C10: Authentication | D10: Login brute force | E10: backend/app/Http/Controllers/Api/AgroSyncController.php:776-801 | F10: No throttling or lockout on /auth/login. | G10: Password guessing against any account. | H10: Apply throttle middleware and progressive lockout. | I10: Fixed | K10: Login throttled per IP and per email (429).
A11: H3 | B11: High | C11: Credentials | D11: Weak default passwords and published demo credentials | E11: backend/app/Http/Controllers/Api/AgroSyncController.php:910; ams-frontend/services/index.ts:361-366; backend/database/seeders | F11: Registration defaults to password123 with no minimum length; all seeded accounts use password123; frontend bundle ships DEMO_CREDENTIALS including admin. | G11: Trivial access to seeded/admin accounts. | H11: Require a password with a minimum length; never seed in production; remove DEMO_CREDENTIALS from production builds. | I11: Fixed | K11: Min 8-char passwords; demo seeders refuse to run in production; demo credentials only in mock mode.
A12: H4 | B12: High | C12: Secrets / TLS | D12: Committed SSLCommerz credentials; TLS verification disabled | E12: backend/.env.example; backend/app/Http/Controllers/Api/AgroSyncController.php:2208-2209, 2270 | F12: Store ID and password committed as defaults; payment request uses withoutVerifying(). | G12: Credential exposure; man-in-the-middle on payment traffic. | H12: Rotate credentials, remove defaults from code, re-enable TLS verification. | I12: Fixed | K12: Credentials removed from code and .env.example; TLS verification on. ROTATE the SSLCommerz sandbox credentials.
A13: H5 | B13: High | C13: Configuration | D13: env() called at runtime (breaks with config:cache) | E13: backend/app/Http/Controllers/Api/AgroSyncController.php (multiple); backend/app/Http/Middleware/ApiCors.php | F13: After php artisan config:cache, env() returns null: Stripe key empty (falls back to mock gateway + C4 bypass), FRONTEND_URL falls back to localhost in CORS, weather key ignored. | G13: Production payments silently run in mock mode; CORS breaks. | H13: Move all env() reads into config/services.php and use config() in code. | I13: Fixed | K13: All env() reads moved to config (services.php, app.php, agrosync.php, cors.php).
... A34: N1 | B34: High | C34: XSS | D34: Reflected XSS in payment popup page | E34: backend/app/Http/Controllers/Api/AgroSyncController.php (sslPaymentPopupResponse) | F34: deal_id from the query string was embedded in a <script> block via json_encode(JSON_UNESCAPED_SLASHES), allowing </script> injection. | G34: Script execution on the API origin via a crafted payment callback link. | H34: Encode with JSON_HEX_TAG|AMP|APOS|QUOT. | I34: Fixed | K34: Found while fixing C4; regression test added.
